{
  "r2_score": 0.7196372606125829,
  "rmse_log": 0.38184488747789425,
  "mae_dollar": 55.68297494077952,
  "rmse_dollar": 123.66832899410139,
  "r2_train": 0.8587331283502997,
  "mae_train_dollar": 46.8695361606293
}