{
  "r2_score": 0.7048066762775178,
  "rmse_log": 0.3918141339753594,
  "mae_dollar": 57.04159051181556,
  "rmse_dollar": 126.51931980804538,
  "r2_train": 0.8008768644449434,
  "mae_train_dollar": 54.8551302298023
}