{
  "r2_score": 0.724347365171983,
  "rmse_log": 0.3786237973355726,
  "mae_dollar": 55.22789356947575,
  "rmse_dollar": 123.43863454661931,
  "r2_train": 0.8754166126689551,
  "mae_train_dollar": 44.36111071996203
}